"Scenario","Run","Sample","CpuMachinePercent","PrivateMB","WorkingSetMB","Handles","Threads"
"compact-paused","1","0","0","55.18359375","41.29296875","439","48"
"compact-paused","1","1","0","55.18359375","41.29296875","439","48"
"compact-paused","1","2","0","55.18359375","41.29296875","439","48"
"compact-paused","1","3","0","55.18359375","41.29296875","439","48"
"compact-paused","1","4","0","55.18359375","41.29296875","439","48"
"compact-paused","1","5","0","55.18359375","41.29296875","439","48"
"compact-paused","1","6","0","55.18359375","41.29296875","439","48"
"compact-paused","1","7","0","55.18359375","41.29296875","439","48"
"compact-paused","1","8","0","55.18359375","41.29296875","439","48"
"compact-paused","1","9","0","55.18359375","41.390625","439","48"
"compact-paused","1","10","0","55.18359375","41.390625","439","48"
"compact-paused","1","11","0","55.18359375","41.16015625","439","48"
"compact-paused","1","12","0","55.18359375","41.16015625","439","48"
"compact-paused","1","13","0","55.18359375","41.16015625","439","48"
"compact-paused","1","14","0.12877678618965602","55.18359375","41.16015625","439","48"
"compact-paused","1","15","0","55.18359375","41.16015625","439","48"
"compact-paused","1","16","0","55.18359375","41.16015625","439","48"
"compact-paused","1","17","0","55.18359375","41.16015625","439","48"
"compact-paused","1","18","0","55.18359375","41.16015625","439","48"
"compact-paused","1","19","0","55.18359375","41.16015625","439","48"
"compact-paused","1","20","0","55.18359375","41.16015625","439","48"
"compact-paused","1","21","0","55.18359375","41.16015625","439","48"
"compact-paused","1","22","0","55.18359375","41.16015625","439","48"
"compact-paused","1","23","0","55.18359375","41.16015625","439","48"
"compact-paused","1","24","0","55.203125","41.18359375","441","49"
"compact-paused","1","25","0","55.203125","41.18359375","441","49"
"compact-paused","1","26","0","55.203125","41.18359375","441","49"
"compact-paused","1","27","0","55.203125","41.18359375","441","49"
"compact-paused","1","28","0","55.203125","41.18359375","441","49"
"compact-paused","1","29","0","55.203125","41.18359375","441","49"
"compact-paused","1","30","0.12881873982311345","55.203125","41.18359375","441","49"
"compact-paused","1","31","0","55.203125","41.18359375","441","49"
"compact-paused","1","32","0","55.203125","41.18359375","441","49"
"compact-paused","1","33","0","55.203125","41.18359375","441","49"
"compact-paused","1","34","0","55.203125","41.18359375","441","49"
"compact-paused","1","35","0","55.203125","41.18359375","441","49"
"compact-paused","1","36","0","55.203125","41.18359375","441","49"
"compact-paused","1","37","0","55.203125","41.18359375","441","49"
"compact-paused","1","38","0","55.203125","41.18359375","441","49"
"compact-paused","1","39","0","55.203125","41.18359375","441","49"
"compact-paused","1","40","0","55.203125","41.18359375","441","49"
"compact-paused","1","41","0","55.203125","41.18359375","441","49"
"compact-paused","1","42","0.1285338077394841","55.203125","41.18359375","441","49"
"compact-paused","1","43","0","55.203125","41.18359375","441","49"
"compact-paused","1","44","0","55.203125","41.18359375","441","49"
"compact-paused","1","45","0","55.203125","41.18359375","441","49"
"compact-paused","1","46","0","55.203125","41.18359375","441","49"
"compact-paused","1","47","0","55.203125","41.18359375","441","49"
"compact-paused","1","48","0","55.203125","41.18359375","441","49"
"compact-paused","1","49","0","55.203125","41.18359375","441","49"
"compact-paused","1","50","0","55.203125","41.18359375","441","49"
"compact-paused","1","51","0","55.203125","41.18359375","441","49"
"compact-paused","1","52","0","55.203125","41.18359375","441","49"
"compact-paused","1","53","0","55.203125","41.18359375","441","49"
"compact-paused","1","54","0","55.109375","41.12890625","442","46"
"compact-paused","1","55","0","55.109375","41.12890625","442","46"
"compact-paused","1","56","0","55.109375","41.12890625","442","46"
"compact-paused","1","57","0","55.109375","41.12890625","442","46"
"compact-paused","1","58","0","55.109375","41.12890625","442","46"
"compact-paused","1","59","0","55.109375","41.12890625","442","46"
